"CUSIP";"s_name";"ticker";"isin"
"00187Y100";"APi Group Corporation";"APG";"US00187Y1001"
"00206R102";"AT&T Inc.";"T";"US00206R1023"
"00287Y109";"Abbvie Inc";"ABBV";"US00287Y1091"
"002896207";"Abercrombie And Fitch";"ANF";"US0028962076"
"00507V109";"Activision Blizzard Inc";"ATVI";"US00507V1098"
"00766T100";"AECOM";"ACM";"US00766T1007"
"00846U101";"Agilent Technologies Inc";"A";"US00846U1016"
"009158106";"Air Products And Chemicals Inc";"APD";"US0091581068"
"012653101";"Albemarle Corp";"ALB";"US0126531013"
"013872106";"Alcoa Corp";"AA";"US0138721065"
"014491104";"Alexander & Baldwin Inc";"ALEX";"US0144911049"
"01609W102";"Alibaba Group Holding Ltd ADRs";"BABA";"US01609W1027"
"017175100";"Alleghany Corp";"Y";"US0171751003"
"020002101";"Allstate Corp";"ALL";"US0200021014"
"02079K107";"Alphabet Inc Class C";"GOOG";"US02079K1079"
"02079K305";"Alphabet Inc Class A";"GOOGL";"US02079K3059"
"02156K103";"Altice USA Inc. Class A";"ATUS";"US02156K1034"
"02209S103";"Altria Group Inc";"MO";"US02209S1033"
"023111206";"Amarin Corp PLC ADRs";"AMRN";"US0231112063"
"023135106";"Amazon.Com Inc.";"AMZN";"US0231351067"
"023586100";"Amerco";"UHAL";"US0235861004"
"02376R102";"American Airlines Group Inc";"AAL";"US02376R1023"
"025816109";"American Express";"AXP";"US0258161092"
"03027X100";"American Tower Corporation";"AMT";"US03027X1000"
"03073E105";"AmerisourceBergen Corp";"ABC";"US03073E1055"
"031162100";"Amgen Inc";"AMGN";"US0311621009"
"032654105";"Analog Devices Inc";"ADI";"US0326541051"
"03524A108";"Anheuser-Busch InBev SA/NV ADRs";"BUD";"US03524A1088"
"036752103";"Anthem Inc";"ANTM";"US0367521038"
"037612306";"Apollo Global Management - A";"";""
"03768E105";"Apollo Global Management LLC";"APO";"US03768E1055"
"037833100";"Apple Inc";"AAPL";"US0378331005"
"038222105";"Applied Material Inc";"AMAT";"US0382221051"
"039483102";"Archer-Daniels-Midland Company";"ADM";"US0394831020"
"049164205";"Atlas Air Worldwide Holdings Inc";"AAWW";"US0491642056"
"053015103";"Automatic Data Processing Inc";"ADP";"US0530151036"
"05329W102";"AutoNation Inc";"AN";"US05329W1027"
"053332102";"Autozone Inc";"AZO";"US0533321024"
"05351W103";"Avangrid Inc";"AGR";"US05351W1036"
"055622104";"BP PLC ADRs";"BP";"US0556221044"
"058498106";"Ball Corp";"BLL";"US0584981064"
"060505104";"Bank of America Corp";"BAC";"US0605051046"
"064058100";"Bank Of New York Mellon Corp";"BK";"US0640581007"
"067901108";"Barrick Gold Corporation";"ABX";"CA0679011084"
"071813109";"Baxter International Inc";"BAX";"US0718131099"
"075887109";"Becton Dickinson";"BDX";"US0758871091"
"075896100";"Bed Bath And Beyond Inc";"BBBY";"US0758961009"
"084423102";"WR Berkley Corp";"WRB";"US0844231029"
"084670108";"Berkshire Hathaway, Inc.";"";""
"084670702";"Berkshire Hathaway Inc.";"BRK.B";"US0846707026"
"086516101";"Best Buy Inc";"BBY";"US0865161014"
"08862E109";"Beyond Meat Inc.";"BYND";"US08862E1091"
"09062X103";"Biogen Inc";"BIIB";"US09062X1037"
"09228F103";"Blackberry Limited";"BB";"CA09228F1036"
"09247X101";"Blackrock Inc";"BLK";"US09247X1019"
"09253U108";"Blackstone Group";"";""
"09260D107";"Blackstone Group Inc. Class A";"BX";"US09260D1072"
"094235108";"Bloomin Brands Inc";"BLMN";"US0942351083"
"097023105";"Boeing";"BA";"US0970231058"
"09857L108";"Booking Holdings Inc";"BKNG";"US09857L1089"
"101121101";"Boston Properties Inc";"BXP";"US1011211018"
"10922N103";"Brighthouse Financial";"BHF";"US10922N1037"
"110122108";"Bristol Myers Squibb";"BMY";"US1101221083"
"112585104";"Brookfield Asset Management Inc.";"BAM";""
"115236101";"Brown & Brown Inc";"BRO";"US1152361010"
"115637100";"Brown Forman Inc Class A";"BF.A";"US1156371007"
"115637209";"Brown Forman Inc Class B";"BF.B";"US1156372096"
"12508E101";"CDK Global Inc";"CDK";"US12508E1010"
"12572Q105";"CME Group Inc Class A";"CME";"US12572Q1058"
"126408103";"CSX Corp";"CSX";"US1264081035"
"12653C108";"CNX Resources Corporation";"CNX";"US12653C1080"
"126650100";"CVS Health Corp";"CVS";"US1266501006"
"12685J105";"Cable One Inc";"CABO";"US12685J1051"
"131476103";"Calumet Specialty Products Partners LP";"CLMT";"US1314761032"
"136375102";"Canadian National Railway Company";"CNI";""
"136385101";"Canadian Natural Resources Limited";"CNQ";"CA1363851017"
"13645T100";"Canadian Pacific Railway Limited";"CP";""
"14040H105";"Capital One Financial Corp";"COF";"US14040H1059"
"14149Y108";"Cardinal Health Inc";"CAH";"US14149Y1082"
"14309L102";"The Carlyle Group";"";""
"143130102";"Carmax Inc";"KMX";"US1431301027"
"14316J108";"Carlyle Group";"CG";"US14316J1088"
"14448C104";"Carrier Global Corporation";"CARR";"US14448C1045"
"14575E105";"Cars.Com Inc";"CARS";"US14575E1055"
"146229109";"Carters Inc";"CRI";"US1462291097"
"149123101";"Caterpillar Inc";"CAT";"US1491231015"
"15135B101";"Centene Corp";"CNC";"US15135B1017"
"15135U109";"Cenovus Energy Inc";"CVE";"CA15135U1093"
"156700106";"CenturyLink Inc.";"LUMN";"US1567001060"
"15912K100";"Change Healthcare Inc.";"CHNG";"US15912K1007"
"16119P108";"Charter Communications Inc Class A";"CHTR";"US16119P1084"
"163851108";"Chemours Company";"CC";"US1638511089"
"166764100";"Chevron Corp";"CVX";"US1667641005"
"168615102";"Chicos FAS Inc";"CHS";"US1686151028"
"168905107";"Childrens Place Inc";"PLCE";"US1689051076"
"169656105";"Chipotle Mexican Grill Inc";"CMG";"US1696561059"
"169905106";"Choice Hotels International Inc";"CHH";"US1699051066"
"17275R102";"Cisco Systems Inc";"CSCO";"US17275R1023"
"172967424";"Citigroup Inc";"C";"US1729674242"
"174610105";"Citizens Financial Group Inc";"CFG";"US1746101054"
"185899101";"Cleveland-Cliffs Inc.";"CLF";"US1858991011"
"18885T306";"Clipper Realty Inc";"CLPR";"US18885T3068"
"191216100";"Coca-Cola";"KO";"US1912161007"
"191241108";"Coca-Cola Femsa ADRs of Series L Shares";"KOF";"US1912411089"
"194014106";"Colfax Corp";"CFX";"US1940141062"
"20030N101";"Comcast A Corp";"CMCSA";"US20030N1019"
"203668108";"Community Health Systems Inc";"CYH";"US2036681086"
"208242107";"Conns Inc";"CONN";"US2082421072"
"20825C104";"ConocoPhillips";"COP";"US20825C1045"
"20854L108";"Consol Energy Corporation";"CEIX";"US20854L1089"
"20855T100";"CONSOL Coal Resources LP";"CCR";"US20855T1007"
"217204106";"Copart Inc";"CPRT";"US2172041061"
"21872L104";"CorePoint Lodging Inc";"CPLG";"US21872L1044"
"21925D109";"Cornerstone Building Brands Inc.";"CNR";"US21925D1090"
"22160K105";"Costco Wholesale Corp";"COST";"US22160K1051"
"222070203";"Coty Inc Class A";"COTY";"US2220702037"
"22304C100";"Covetrus Inc.";"CVET";"US22304C1009"
"22410J106";"Cracker Barrel Old Country Store";"CBRL";"US22410J1060"
"22822V101";"Crown Castle International Corp.";"CCI";"US22822V1017"
"228368106";"Crown Holdings Inc";"CCK";"US2283681060"
"228903100";"Cryolife Inc";"CRY";"US2289031005"
"230215105";"Culp Inc";"CULP";"US2302151053"
"231021106";"Cummins Inc";"CMI";"US2310211063"
"23331A109";"D R Horton Inc";"DHI";"US23331A1097"
"23355L106";"DXC Technology Company";"DXC";"US23355L1061"
"235851102";"Danaher Corp";"DHR";"US2358511028"
"237266101";"Darling Ingredients Inc";"DAR";"US2372661015"
"23918K108";"Davita Inc";"DVA";"US23918K1088"
"244199105";"Deere & Company";"DE";"US2441991054"
"247361702";"Delta Air Lines Inc";"DAL";"US2473617023"
"250565108";"Designer Brands Inc. Class A";"DBI";"US2505651081"
"25243Q205";"Diageo PLC ADRs";"DEO";"US25243Q2057"
"254067101";"Dillards Inc Class A";"DDS";"US2540671011"
"254687106";"Walt Disney";"DIS";"US2546871060"
"25470F104";"Discovery Communications Inc Series A";"DISCA";"US25470F1049"
"25470F302";"Discovery Communications Inc. - Series C";"DISCK";"US25470F3029"
"256677105";"Dollar General Corp";"DG";"US2566771059"
"256746108";"Dollar Tree Inc";"DLTR";"US2567461080"
"257651109";"Donaldson Inc";"DCI";"US2576511099"
"26874R108";"ENI SpA ADRs";"E";"US26874R1086"
"277432100";"Eastman Chemical";"EMN";"US2774321002"
"278768106";"Echostar Corp Class A";"SATS";"US2787681061"
"278865100";"Ecolab Inc";"ECL";"US2788651006"
"285512109";"Electronic Arts Inc";"EA";"US2855121099"
"291011104";"Emerson Electric";"EMR";"US2910111044"
"293792107";"Enterprise Products Partners LP";"EPD";"US2937921078"
"294429105";"Equifax Inc";"EFX";"US2944291051"
"30162V102";"Exela Technologies Inc";"XELA";"US30162V1026"
"302130109";"Expeditors International Of Washington";"EXPD";"US3021301094"
"30231G102";"Exxon Mobil Corp";"XOM";"US30231G1022"
"302491303";"FMC Corp";"FMC";"US3024913036"
"30303M102";"Facebook Inc Class A";"FB";"US30303M1027"
"303075105";"Factset Research Systems Inc";"FDS";"US3030751057"
"303901102";"Fairfax Financial Holdings Limited";"FFH";"CA3039011026"
"314211103";"Federated Hermes Inc.";"FHI";"US3142111034"
"31428X106";"FedEx Corporation";"FDX";"US31428X1063"
"336433107";"First Solar Inc";"FSLR";"US3364331070"
"33829M101";"Five Below Inc";"FIVE";"US33829M1018"
"33833Q106";"Five Point Holdings LLC Class A";"FPH";"US33833Q1067"
"34354P105";"Flowserve Corp";"FLS";"US34354P1057"
"344849104";"Foot Locker Inc";"FL";"US3448491049"
"36162J106";"The GEO Group Inc";"GEO";"US36162J1060"
"36467W109";"Gamestop Corp Class A";"GME";"US36467W1099"
"364760108";"Gap Inc";"GPS";"US3647601083"
"369550108";"General Dynamics Corp";"GD";"US3695501086"
"369604103";"General Electric";"GE";"US3696041033"
"37045V100";"General Motors";"GM";"US37045V1008"
"37253A103";"Gentherm Inc";"THRM";"US37253A1034"
"375558103";"Gilead Sciences Inc";"GILD";"US3755581036"
"378973408";"Globalstar Voting Inc";"GSAT";"US3789734080"
"37959E102";"Globe Life Inc.";"GL";"US37959E1029"
"38141G104";"Goldman Sachs Group Inc";"GS";"US38141G1040"
"382550101";"Goodyear Tire & Rubber";"GT";"US3825501014"
"384637104";"Graham Holdings Company Class B";"GHC";"US3846371041"
"392709101";"Green Brick Partners Inc";"GRBK";"US3927091013"
"39304D102";"Green Dot Corporation";"GDOT";"US39304D1028"
"39572G100";"Greensky Inc.";"GSKY";"US39572G1004"
"40049J206";"Grupo Televisa SAB ADRs";"TV";"US40049J2069"
"40171V100";"Guidewire Software Inc";"GWRE";"US40171V1008"
"402635304";"Gulfport Energy Corp";"GPOR";"US4026353049"
"40412C101";"HCA Healthcare Inc.";"HCA";"US40412C1018"
"406216101";"Halliburton";"HAL";"US4062161017"
"412822108";"Harley Davidson Inc";"HOG";"US4128221086"
"418056107";"Hasbro Inc";"HAS";"US4180561072"
"421906108";"Healthcare Services Inc";"HCSG";"US4219061086"
"422806109";"Heico Corp";"HEI";"US4228061093"
"422806208";"Heico Corporation Class A";"HEI.A";"US4228062083"
"423452101";"Helmerich & Payne Inc";"HP";"US4234521015"
"42726M106";"Heritage Crystal Inc";"HCCI";"US42726M1062"
"427866108";"Hershey Foods";"HSY";"US4278661081"
"42824C109";"Hewlett Packard Enterprise";"HPE";"US42824C1099"
"428291108";"Hexcel Corp";"HXL";"US4282911084"
"43283X105";"Hilton Grand Vacations Inc";"HGV";"US43283X1054"
"43300A203";"Hilton Worldwide Holdings Inc";"HLT";"US43300A2033"
"437076102";"Home Depot Inc";"HD";"US4370761029"
"440452100";"Hormel Foods Corp";"HRL";"US4404521001"
"44267D107";"Howard Hughes Corp";"HHC";"US44267D1072"
"44919P508";"InterActiveCorp";"";""
"452308109";"Illinois Tool Inc";"ITW";"US4523081093"
"452327109";"Illumina Inc";"ILMN";"US4523271090"
"457187102";"Ingredion Inc";"INGR";"US4571871023"
"458140100";"Intel Corporation Corp";"INTC";"US4581401001"
"45845P108";"Intercept Pharmaceuticals Inc";"ICPT";"US45845P1084"
"459200101";"International Business Machines Co";"IBM";"US4592001014"
"459506101";"International Flavors & Fragrances";"IFF";"US4595061015"
"460690100";"Interpublic Group Of Companies Inc";"IPG";"US4606901001"
"461804106";"Investors Title";"ITIC";"US4618041069"
"46625H100";"JP Morgan Chase & Co";"JPM";"US46625H1005"
"466367109";"Jack In The Box Inc";"JACK";"US4663671091"
"47215P106";"JD.com Inc ADRs";"JD";"US47215P1066"
"478160104";"Johnson & Johnson";"JNJ";"US4781601046"
"48238T109";"Kar Auction Services Inc";"KAR";"US48238T1097"
"48248M102";"KKR & Co LLC";"";""
"48251W104";"KKR & Co Inc.";"KKR";"US48251W1045"
"489170100";"Kennametal Inc";"KMT";"US4891701009"
"489398107";"Kennedy Wilson Holdings Inc";"KW";"US4893981070"
"49338L103";"Keysight Technologies Inc";"KEYS";"US49338L1035"
"494274103";"Kimball International Inc Class B";"KBAL";"US4942741038"
"49456B101";"Kinder Morgan Inc";"KMI";"US49456B1017"
"500255104";"Kohls Corporation";"KSS";"US5002551043"
"500754106";"Kraft Heinz";"KHC";"US5007541064"
"501044101";"Kroger";"KR";"US5010441013"
"50187T106";"LGI Homes Inc.";"LGIH";"US50187T1060"
"50540R409";"Laboratory Corporation Of America";"LH";"US50540R4092"
"512807108";"Lam Research Corp";"LRCX";"US5128071082"
"512816109";"Lamar Advertising Company Class A";"LAMR";"US5128161099"
"517834107";"Las Vegas Sands Corp";"LVS";"US5178341070"
"523768109";"Lee Enterprises Inc";"LEE";"US5237681094"
"526057104";"Lennar Corporation Class A";"LEN";"US5260571048"
"526057302";"Lennar Corporation Class B";"LEN.B";"US5260573028"
"530307107";"Liberty Broadband Corp Series A";"LBRDA";"US5303071071"
"530307305";"Liberty Broadband Corp Series C";"LBRDK";"US5303073051"
"531229409";"Liberty Media Liberty Siriusxm Series A";"LSXMA";"US5312294094"
"531229607";"Liberty Media Liberty Siriusxm Series C";"LSXMK";"US5312296073"
"531229706";"Liberty Media Liberty Braves Corp Series A";"BATRA";"US5312297063"
"531229854";"Liberty Media Formula One Corp Series C";"FWONK";"US5312298541"
"531229870";"Liberty Media Formula One Corp Series A";"FWONA";"US5312298707"
"531229888";"Liberty Media Liberty Braves Corp Series C";"BATRK";"US5312298889"
"538034109";"Live Nation Entertainment Inc";"LYV";"US5380341090"
"540424108";"Loews Corp";"L";"US5404241086"
"548661107";"Lowes Companies Inc";"LOW";"US5486611073"
"55261F104";"M&T Bank Corp";"MTB";"US55261F1049"
"55354G100";"MSCI Inc";"MSCI";"US55354G1004"
"553573106";"MSG Networks Inc. Class A";"MSGN";"US5535731062"
"55616P104";"Macys Inc.";"M";"US55616P1049"
"571748102";"Marsh & McLennan Inc";"MMC";"US5717481023"
"571903202";"Marriott International Inc";"MAR";"US5719032022"
"57636Q104";"Mastercard Inc Class A";"MA";"US57636Q1040"
"57667L107";"Match Group Inc";"MTCH";"US57667L1070"
"577081102";"Mattel Inc";"MAT";"US5770811025"
"57772K101";"Maxim Integrated Products Inc";"MXIM";"US57772K1016"
"57778K105";"Maxar Technologies Inc";"MAXR";"US57778K1051"
"580135101";"Mcdonalds Corp";"MCD";"US5801351017"
"58155Q103";"Mckesson Corp";"MCK";"US58155Q1031"
"58468P206";"Medicinova Inc";"MNOV";"US58468P2065"
"58933Y105";"Merck & Co Inc";"MRK";"US58933Y1055"
"59408Q106";"Michaels Companies Inc";"MIK";"US59408Q1067"
"594918104";"Microsoft Corp";"MSFT";"US5949181045"
"595017104";"Microchip Technology Inc";"MCHP";"US5950171042"
"595112103";"Micron Technology Inc";"MU";"US5951121038"
"608190104";"Mohawk Industries Inc";"MHK";"US6081901042"
"609207105";"Mondelez International Inc";"MDLZ";"US6092071058"
"61166W101";"Monsanto Co";"";""
"615369105";"Moodys Corp";"MCO";"US6153691059"
"61945c103";"Mosaic";"MOS";"US61945C1036"
"62886E108";"NCR Corp";"NCR";"US62886E1082"
"62944T105";"NVR Inc.";"NVR";"US62944T1051"
"637071101";"National Oilwell Varco Inc";"NOV";"US6370711011"
"64051T100";"Neophotonics Corp";"NPTN";"US64051T1007"
"64132K102";"NeuBase Therapeutics Inc.";"NBSE";"US64132K1025"
"65341D102";"NexPoint Residential Trust Inc";"NXRT";"US65341D1028"
"65373j209";"Nicholas Financial Inc";"NICK";"CA65373J2092"
"654106103";"Nike Inc Class B";"NKE";"US6541061031"
"654902204";"Nokia OYJ ADRs";"NOK";"US6549022043"
"655664100";"Nordstrom Inc";"JWN";"US6556641008"
"655844108";"Norfolk Southern Corp";"NSC";"US6558441084"
"665859104";"Northern Trust Corporation";"NTRS";"US6658591044"
"66987V109";"Novartis AG ADRs";"NVS";"US66987V1098"
"670100205";"Novo Nordisk A/S ADRs";"NVO";"US6701002056"
"67011P100";"Now Inc";"DNOW";"US67011P1003"
"67098H104";"Owens Illinois Inc";"OI";"US67098H1041"
"674001201";"Oaktree Capital Group LLC";"";""
"674599105";"Occidental Petroleum Corp";"OXY";"US6745991058"
"678026105";"Oil States International Inc";"OIS";"US6780261052"
"682189105";"ON Semiconductor Corp";"ON";"US6821891057"
"682680103";"Oneok Inc";"OKE";"US6826801036"
"68389X105";"Oracle Corp";"ORCL";"US68389X1054"
"68902V107";"Otis Worldwide Corporation";"OTIS";"US68902V1070"
"69343T107";"PJT Partners Inc Class A";"PJT";"US69343T1079"
"693475105";"PNC Financial Services Group Inc.";"PNC";"US6934751057"
"693656100";"PVH Corp";"PVH";"US6936561009"
"693718108";"Paccar Inc";"PCAR";"US6937181088"
"698102100";"PANACEA ACQUISITION CORP";"";""
"698102118";"PANACEA ACQUISITION CORP";"";""
"700517105";"Park Hotels & Resorts Inc";"PK";"US7005171050"
"701094104";"Parker-Hannifin Corp";"PH";"US7010941042"
"703395103";"Patterson Companies Inc";"PDCO";"US7033951036"
"704326107";"Paychex Inc";"PAYX";"US7043261079"
"70450Y103";"Paypal Holdings Inc";"PYPL";"US70450Y1038"
"707569109";"Penn National Gaming Inc";"PENN";"US7075691094"
"70959W103";"Penske Automotive Group Inc";"PAG";"US70959W1036"
"713448108";"Pepsico Inc";"PEP";"US7134481081"
"71639T106";"PetIQ Inc. Class A";"PETQ";"US71639T1060"
"717081103";"Pfizer Inc";"PFE";"US7170811035"
"718172109";"Philip Morris International Inc";"PM";"US7181721090"
"718546104";"Phillips 66";"PSX";"US7185461040"
"74005P104";"Praxair Inc.";"";""
"74022D308";"Precision Drilling Corporation";"PD";"CA74022D3085"
"74144T108";"T Rowe Price Group Inc";"TROW";"US74144T1088"
"741503403";"Priceline Group Inc";"";""
"742718109";"Procter & Gamble";"PG";"US7427181091"
"743315103";"Progressive Corp";"PGR";"US7433151039"
"74736K101";"Qorvo Inc.";"QRVO";"US74736K1016"
"74915M100";"Qurate Retail Inc. Series A";"QRTEA";"US74915M1009"
"749607107";"RLI Corp";"RLI";"US7496071074"
"74967X103";"RH";"RH";"US74967X1037"
"74971D101";"RPT Realty";"RPT";"US74971D1019"
"75513E101";"Raytheon Technologies Corporation";"RTX";"US75513E1010"
"756577102";"RED HAT INC";"";""
"76009N100";"Rent-A-Center Inc";"RCII";"US76009N1000"
"760759100";"Republic Services Inc";"RSG";"US7607591002"
"76118Y104";"Resideo Technologies Inc.";"REZI";"US76118Y1047"
"76131D103";"Restaurant Brands International Inc";"QSR";"CA76131D1033"
"76131N101";"Retail Opportunity Investments Corp";"ROIC";"US76131N1019"
"767744105";"Ritchie Bros. Auctioneers Incorporated";"RBA";"CA7677441056"
"773903109";"Rockwell Automation Inc";"ROK";"US7739031091"
"774341101";"Rockwell Collins Inc";"";""
"77543R102";"Roku Class A";"ROKU";"US77543R1023"
"775711104";"Rollins Inc";"ROL";"US7757111049"
"778296103";"Ross Stores Inc";"ROST";"US7782961038"
"781846209";"Rush Enterprises Inc Class A";"RUSHA";"US7818462092"
"78409V104";"S&P Global Inc";"SPGI";"US78409V1044"
"784117103";"SEI Investments";"SEIC";"US7841171033"
"78462F103";"SPDR S&P 500 ETF";"SPY";"US78462F1030"
"78463V107";"SPDR Gold Shares ETF";"GLD";"US78463V1070"
"80105N105";"Sanofi SA ADRs";"SNY";"US80105N1054"
"80283M101";"Santander Consumer USA Holdings";"SC";"US80283M1018"
"806857108";"Schlumberger Nv";"SLB";"AN8068571086"
"80810D103";"Schrodinger Inc.";"SDGR";"US80810D1037"
"808513105";"Charles Schwab Corporation";"SCHW";"US8085131055"
"80874P109";"Scientific Games Corp";"SGMS";"US80874P1093"
"810186106";"Scotts Miracle Gro";"SMG";"US8101861065"
"81282V100";"Seaworld Entertainment Inc";"SEAS";"US81282V1008"
"819047101";"Shake Shack Inc Class A";"SHAK";"US8190471016"
"824348106";"Sherwin Williams";"SHW";"US8243481061"
"82968B103";"Sirius Xm Holdings Inc";"SIRI";"US82968B1035"
"833445109";"Snowflake Inc. Class A";"SNOW";"US8334451098"
"844741108";"Southwest Airlines";"LUV";"US8447411088"
"848574109";"Spirit Aerosystems Inc";"SPR";"US8485741099"
"84920Y106";"Sportsmans Warehouse Holdings Inc";"SPWH";"US84920Y1064"
"85208M102";"Sprouts Farmers Market Inc";"SFM";"US85208M1027"
"855244109";"Starbucks Corp";"SBUX";"US8552441094"
"85570W100";"The Stars Group Inc";"TSGI";"CA85570W1005"
"857477103";"State Street Corp";"STT";"US8574771031"
"858912108";"Stericycle Inc";"SRCL";"US8589121081"
"862121100";"STORE Capital Corporation";"STOR";"US8621211007"
"867224107";"Suncor Energy Inc";"SU";"CA8672241079"
"871565107";"Synalloy Corp";"SYNL";"US8715651076"
"87162W100";"Synnex Corp";"SNX";"US87162W1009"
"87165B103";"Synchrony Financial";"SYF";"US87165B1035"
"871829107";"Sysco Corp";"SYY";"US8718291078"
"872540109";"TJX Companies Inc.";"TJX";"US8725401090"
"872590104";"T Mobile US Inc";"TMUS";"US8725901040"
"87265H109";"TRI Pointe Group Inc";"TPH";"US87265H1095"
"874054109";"Take Two Interactive Software Inc";"TTWO";"US8740541094"
"876030107";"Tapestry";"TPR";"US8760301072"
"87612E106";"Target Corp";"TGT";"US87612E1064"
"878742204";"Teck Resources Limited";"TECK-B";"CA8787422044"
"87901J105";"Tegna Inc";"TGNA";"US87901J1051"
"88023U101";"Tempur Sealy International Inc";"TPX";"US88023U1016"
"88160R101";"Tesla Inc";"TSLA";"US88160R1014"
"881624209";"Teva Pharmaceutical Industries Ltd ADRs";"TEVA";"US8816242098"
"882508104";"Texas Instrument Inc";"TXN";"US8825081040"
"88579Y101";"3M";"MMM";"US88579Y1010"
"891027104";"TORCHMARK CORP";"";""
"892331307";"Toyota Motor Corp ADRs";"TM";"US8923313071"
"892356106";"Tractor Supply";"TSCO";"US8923561067"
"89400J107";"TransUnion";"TRU";"US89400J1079"
"89417E109";"Travelers Companies Inc";"TRV";"US89417E1091"
"89677Q107";"Trip.com Group Limited ADRs";"TCOM";"US89677Q1076"
"898202106";"Trupanion Inc";"TRUP";"US8982021060"
"90184L102";"Twitter Inc";"TWTR";"US90184L1026"
"902494103";"Tyson Foods Inc Class A";"TSN";"US9024941034"
"902973304";"US Bancorp";"USB";"US9029733048"
"903293405";"U S G CORP";"";""
"90353T100";"Uber Technologies Inc.";"UBER";"US90353T1007"
"904311107";"Under Armour Inc Class A";"UAA";"US9043111072"
"904311206";"Under Armour Inc Class C";"UA";"US9043112062"
"904767704";"Unilever PLC ADRs";"UL";"US9047677045"
"907818108";"Union Pacific Corp";"UNP";"US9078181081"
"910047109";"United Continental Holdings Inc";"UAL";"US9100471096"
"911312106";"United Parcel Service Inc Class B";"UPS";"US9113121068"
"912909108";"United States Steel Corporation";"X";"US9129091081"
"913017109";"United Technologies";"";""
"91324P102";"Unitedhealth Group Inc";"UNH";"US91324P1021"
"91325V108";"Uniti Group Inc";"UNIT";"US91325V1089"
"913915104";"Universal Technical Institute Inc";"UTI";"US9139151040"
"917047102";"Urban Outfitters Inc";"URBN";"US9170471026"
"917286205";"Urstadt Biddle Properties Inc";"UBA";"US9172862057"
"918204108";"VF Corp";"VFC";"US9182041080"
"92189F106";"VanEck Vectors Gold Miners ETF";"GDX";"US92189F1066"
"922107107";"Vapotherm Inc.";"VAPO";"US9221071072"
"92214X106";"Varex Imaging Corp";"VREX";"US92214X1063"
"922908363";"Vanguard S&P 500 ETF";"VOO";"US9229083632"
"92343E102";"Verisign Inc";"VRSN";"US92343E1029"
"92343V104";"Verizon Communications Inc";"VZ";"US92343V1044"
"92345Y106";"Verisk Analytics Inc";"VRSK";"US92345Y1064"
"92556H206";"ViacomCBS Inc. - Class B";"VIAC";"US92556H2067"
"92826C839";"Visa Inc Class A";"V";"US92826C8394"
"92857W308";"Vodacom Group Ltd ADRs";"VOD";"US92857W3088"
"929089100";"Voya Financial Inc";"VOYA";"US9290891004"
"92936U109";"W. P. Carey Inc";"WPC";"US92936U1097"
"931142103";"Walmart Stores Inc";"WMT";"US9311421039"
"931427108";"Walgreen Boots Alliance Inc";"WBA";"US9314271084"
"94106L109";"Waste Management Inc";"WM";"US94106L1098"
"942622200";"Watsco Inc";"WSO";"US9426222009"
"94419L101";"Wayfair Inc Class A";"W";"US94419L1017"
"949746101";"Wells Fargo";"WFC";"US9497461015"
"958102105";"Western Digital Corp";"WDC";"US9581021055"
"963320106";"Whirlpool Corp";"WHR";"US9633201069"
"98212B103";"Wpx Energy Inc";"WPX";"US98212B1035"
"983134107";"Wynn Resorts Ltd";"WYNN";"US9831341071"
"985817105";"Yelp Inc";"YELP";"US9858171054"
"98978V103";"Zoetis Inc";"ZTS";"US98978V1035"
"999999999";"test fake comapny delete after ";"";""
"G0084W101";"Adient PLC";"ADNT";"IE00BD845X29"
"G0177J108";"Allergan, Inc.";"";""
"G02602103";"Amdocs Ltd";"DOX";"GB0022569080"
"G0408V102";"Aon Corporation";"";""
"G0457F107";"Arcos Dorados Holdings Inc Class A";"ARCO";"VGG0457F1071"
"G0750C108";"Axalta Coating Systems Ltd";"AXTA";"BMG0750C1082"
"G1151C101";"Accenture Plc Class A";"ACN";"IE00B4BNMY34"
"G16234109";"Brookfield Business Partners";"";""
"G16249107";"Brookfield Property Partners LP";"BPY";"BMG162491077"
"G16962105";"Bunge Ltd";"BG";"BMG169621056"
"G5480U104";"Liberty Global Plc Class A";"LBTYA";"GB00B8W67662"
"G5480U120";"Liberty Global Plc Class C";"LBTYK";"GB00B8W67B19"
"G5480U138";"Liberty Global PLC Lilac";"";""
"G5494J103";"Linde Plc";"LIN";"IE00BZ12WP82"
"G5876H105";"Marvell Technology Group Ltd";"MRVL";"BMG5876H1051"
"G6564A105";"Nomad Foods Limited";"NOMD";""
"G7483N111";"REINVENT TECHNOLOGY PARTNERS";"";""
"G81276100";"Signet Jewelers Ltd";"SIG";"BMG812761002"
"G85158106";"Stoneco Ltd. - Class A";"STNE";"KYG851581069"
"G8807B106";"Theravance Biopharma Inc";"TBPH";"KYG8807B1068"
"G9001E102";"Liberty Latin America Class A";"LILA";"BMG9001E1021"
"G9001E128";"Liberty Latin America Class C";"LILAK";"BMG9001E1286"
"G9329Z100";"Venator Materials PLC";"VNTR";"GB00BF3ZNS54"
"G97822103";"Perrigo Plc";"PRGO";"IE00BGH1M568"
"H2906T109";"Garmin Ltd";"GRMN";"CH0114405324"
"N00985106";"AerCap Holdings NV";"AER";"NL0000687663"
"N22717107";"Core Laboratories Nv";"CLB";"NL0000200384"
"N59465109";"Mylan Nv";"MYL";"NL0011031208"
"N6596X109";"NXP Semiconductors Nv";"NXPI";"NL0009538784"
"N7902X106";"Sensata Technologies Holding";"";""
"P31076105";"Copa Holdings SA Class A";"CPA";"PAP310761054"
"Y8564M105";"Teekay LNG Partners LP";"TGP";"MHY8564M1057"
